Modelo,Componente,MAE,Porcentaje de acierto
LinearRegression,AV,0.049007051665857816,92.46045358986802
RandomForest,AV,0.03552020161769954,94.535353597277
GradientBoosting,AV,0.03669742103301555,94.35424291799761
kNN,AV,0.03569515401165397,94.50843784436093
LinearRegression,AC,0.03438675125726781,89.57977234628248
RandomForest,AC,0.022838694117248252,93.07918360083386
GradientBoosting,AC,0.023283122264748934,92.94450840462153
kNN,AC,0.017364355899660264,94.73807396979993
LinearRegression,PR,0.0559732215575363,90.34944455904547
RandomForest,PR,0.05424509508939718,90.6473973983798
GradientBoosting,PR,0.054314832845801075,90.63537364727567
kNN,PR,0.05426538557464877,90.64389903885366
LinearRegression,UI,0.04884407507051439,78.76344562151549
RandomForest,UI,0.022515220587548762,90.2107736575875
GradientBoosting,UI,0.023255100760470215,89.88908662588251
kNN,UI,0.019751658508389277,91.41232238765684
LinearRegression,S,0.04798782995260992,79.13572610756091
RandomForest,S,0.027551964533017774,88.02088498564444
GradientBoosting,S,0.027907312301350334,87.86638595593463
kNN,S,0.031424262342974046,86.3372772421852
LinearRegression,C,0.12529445036006712,77.62599100713088
RandomForest,C,0.050190492390266725,91.03741207316665
GradientBoosting,C,0.050719068367922046,90.9430235057282
kNN,C,0.04607706090303365,91.77195341017256
LinearRegression,I,0.1524281790367796,72.7806823148608
RandomForest,I,0.043674937935151065,92.20090394015159
GradientBoosting,I,0.0439933809977076,92.14403910755222
kNN,I,0.03934316226560203,92.97443530971393
LinearRegression,A,0.14143923115004114,74.74299443749265
RandomForest,A,0.03497044518948441,93.75527764473493
GradientBoosting,A,0.03545432682670277,93.66887020951737
kNN,A,0.031201011406365532,94.42839082029187
